2025-02-23 15:02:58.549873,BTCUSD,SELL,price:96533.53,sl:96555.55428571429,tp:96449.16142857143,lot_size:0.25
2025-02-23 15:03:03.985353,BTCUSD,SELL,price:96535.42,sl:96558.23714285714,tp:96449.46571428572,lot_size:0.24
2025-02-23 15:03:09.412777,BTCUSD,SELL,price:96532.07,sl:96554.89785714287,tp:96446.0942857143,lot_size:0.24
2025-02-23 15:03:14.851070,BTCUSD,SELL,price:96536.14,sl:96559.0782142857,tp:96449.94357142858,lot_size:0.23
2025-02-23 15:03:20.290724,BTCUSD,SELL,price:96535.66,sl:96558.59821428571,tp:96449.46357142858,lot_size:0.23
2025-02-23 15:03:25.695158,BTCUSD,SELL,price:96535.62,sl:96558.5582142857,tp:96449.42357142858,lot_size:0.23
2025-02-23 15:03:31.147930,BTCUSD,SELL,price:96535.08,sl:96558.01821428571,tp:96448.88357142858,lot_size:0.23
2025-02-23 15:03:36.591853,BTCUSD,SELL,price:96535.72,sl:96558.65821428571,tp:96449.52357142858,lot_size:0.23
2025-02-23 15:03:42.032509,BTCUSD,SELL,price:96534.97,sl:96557.90821428571,tp:96448.77357142858,lot_size:0.23
2025-02-23 15:09:32.645032,BTCUSD,SELL,price:96493.58,sl:96513.88249999999,tp:96412.655,lot_size:0.25
2025-02-23 15:09:48.734888,BTCUSD,SELL,price:96495.44,sl:96515.7425,tp:96414.51500000001,lot_size:0.24
2025-02-23 15:09:54.144426,BTCUSD,SELL,price:96491.95,sl:96512.25249999999,tp:96411.025,lot_size:0.24
2025-02-23 15:24:58.498381,BTCUSD,SELL,price:96421.64,sl:96444.04571428572,tp:96336.50857142857,lot_size:0.22
2025-02-23 15:25:03.897146,BTCUSD,SELL,price:96422.31,sl:96444.885,tp:96336.84,lot_size:0.22
2025-02-23 15:25:09.326445,BTCUSD,SELL,price:96433.16,sl:96456.79464285714,tp:96345.57071428571,lot_size:0.2
2025-02-23 15:25:14.743124,BTCUSD,SELL,price:96426.5,sl:96450.13571428572,tp:96338.90857142856,lot_size:0.2
2025-02-23 15:25:20.163608,BTCUSD,SELL,price:96412.68,sl:96437.1225,tp:96323.47499999999,lot_size:0.2
2025-02-23 15:25:25.623749,BTCUSD,SELL,price:96412.98,sl:96437.65392857142,tp:96323.31214285713,lot_size:0.19
2025-02-23 15:25:31.069419,BTCUSD,SELL,price:96413.98,sl:96438.65392857142,tp:96324.31214285713,lot_size:0.19
2025-02-23 15:25:36.495835,BTCUSD,SELL,price:96414.0,sl:96438.67392857143,tp:96324.33214285714,lot_size:0.19
2025-02-23 15:25:41.927997,BTCUSD,SELL,price:96414.08,sl:96438.75392857143,tp:96324.41214285714,lot_size:0.19
2025-02-23 15:25:47.361862,BTCUSD,SELL,price:96419.2,sl:96443.87392857143,tp:96329.53214285713,lot_size:0.18
2025-02-23 15:25:52.843287,BTCUSD,SELL,price:96418.24,sl:96442.91392857145,tp:96328.57214285714,lot_size:0.18
2025-02-23 15:51:38.665599,BTCUSD,SELL,price:96380.81,sl:96403.70428571428,tp:96294.70142857142,lot_size:0.19
2025-02-23 15:51:49.317855,BTCUSD,SELL,price:96388.37,sl:96411.26428571428,tp:96302.26142857142,lot_size:0.19
2025-02-23 16:00:59.247577,BTCUSD,BUY,price:96476.14,sl:96452.20642857143,tp:96564.32714285716,lot_size:0.18
2025-02-23 16:01:04.686133,BTCUSD,BUY,price:96484.08,sl:96460.14642857143,tp:96572.26714285716,lot_size:0.18
2025-02-23 16:01:10.154482,BTCUSD,BUY,price:96486.05,sl:96461.32357142857,tp:96575.82285714288,lot_size:0.17
2025-02-23 16:01:15.604982,BTCUSD,BUY,price:96495.31,sl:96469.88607142857,tp:96586.47785714286,lot_size:0.17
2025-02-23 16:01:21.027185,BTCUSD,BUY,price:96511.35,sl:96485.32178571429,tp:96603.72642857145,lot_size:0.16
2025-02-23 16:01:26.433553,BTCUSD,BUY,price:96497.34,sl:96470.74285714285,tp:96590.85428571429,lot_size:0.16
2025-02-23 16:01:31.842973,BTCUSD,BUY,price:96500.77,sl:96474.17285714285,tp:96594.2842857143,lot_size:0.16
2025-02-23 16:01:37.292179,BTCUSD,BUY,price:96499.32,sl:96472.72285714286,tp:96592.8342857143,lot_size:0.16
2025-02-23 16:01:42.705924,BTCUSD,BUY,price:96496.65,sl:96470.05285714283,tp:96590.16428571429,lot_size:0.16
2025-02-23 16:01:48.119657,BTCUSD,BUY,price:96497.07,sl:96470.47285714286,tp:96590.5842857143,lot_size:0.16
2025-02-23 16:01:53.545437,BTCUSD,BUY,price:96496.42,sl:96469.82285714285,tp:96589.93428571429,lot_size:0.16
2025-02-23 16:01:58.988049,BTCUSD,BUY,price:96500.52,sl:96477.63107142858,tp:96586.61785714288,lot_size:0.18
2025-02-23 16:02:04.424597,BTCUSD,BUY,price:96498.39,sl:96474.13821428572,tp:96587.21357142858,lot_size:0.17
2025-02-23 16:02:41.326524,BTCUSD,BUY,price:96530.32,sl:96503.08857142858,tp:96625.10285714288,lot_size:0.15
2025-02-23 16:03:23.379524,BTCUSD,BUY,price:96548.21,sl:96521.0075,tp:96642.93500000001,lot_size:0.15
2025-02-23 16:23:52.029250,BTCUSD,SELL,price:96354.27,sl:96374.69785714288,tp:96273.0942857143,lot_size:0.18
2025-02-23 17:36:00.024118,BTCUSD,SELL,price:96236.83,sl:96261.13500000001,tp:96147.64,lot_size:0.15
2025-02-23 17:36:05.446350,BTCUSD,SELL,price:96234.32,sl:96258.61500000002,tp:96145.13,lot_size:0.15
2025-02-23 17:36:10.879961,BTCUSD,SELL,price:96247.61,sl:96272.82357142858,tp:96156.60285714286,lot_size:0.14
2025-02-23 17:36:37.189591,BTCUSD,SELL,price:96252.68,sl:96281.14928571427,tp:96155.14142857143,lot_size:0.12
2025-02-23 17:36:42.649354,BTCUSD,SELL,price:96249.72,sl:96278.19928571429,tp:96152.18142857144,lot_size:0.12
2025-02-23 17:36:48.069584,BTCUSD,SELL,price:96250.22,sl:96278.69928571429,tp:96152.68142857144,lot_size:0.12
2025-02-23 17:36:53.476421,BTCUSD,SELL,price:96252.84,sl:96281.31928571427,tp:96155.30142857143,lot_size:0.12
2025-02-23 18:10:00.899011,BTCUSD,BUY,price:96305.73,sl:96278.79464285713,tp:96400.18071428571,lot_size:0.12
2025-02-23 18:10:06.320379,BTCUSD,BUY,price:96298.86,sl:96271.89821428571,tp:96393.38357142857,lot_size:0.12
2025-02-23 18:10:11.771603,BTCUSD,BUY,price:96297.51,sl:96270.36607142855,tp:96392.39785714285,lot_size:0.12
2025-02-23 18:10:17.201045,BTCUSD,BUY,price:96310.0,sl:96282.62749999999,tp:96405.325,lot_size:0.12
2025-02-23 18:10:22.608569,BTCUSD,BUY,price:96310.76,sl:96282.44499999998,tp:96407.98999999999,lot_size:0.12
2025-02-23 18:10:28.059864,BTCUSD,BUY,price:96311.22,sl:96282.905,tp:96408.45,lot_size:0.11
2025-02-23 18:10:33.509736,BTCUSD,BUY,price:96308.94,sl:96280.615,tp:96406.17,lot_size:0.11
2025-02-23 18:10:38.960206,BTCUSD,BUY,price:96305.6,sl:96277.285,tp:96402.83,lot_size:0.11
2025-02-23 18:10:44.381365,BTCUSD,BUY,price:96306.02,sl:96277.705,tp:96403.25,lot_size:0.11
2025-02-23 18:10:49.831507,BTCUSD,BUY,price:96299.68,sl:96271.35499999998,tp:96396.90999999999,lot_size:0.11
2025-02-23 18:10:55.232358,BTCUSD,BUY,price:96300.12,sl:96271.62035714285,tp:96397.69928571428,lot_size:0.11
2025-02-23 19:11:22.634783,BTCUSD,SELL,price:96118.11,sl:96139.1417857143,tp:96035.46642857142,lot_size:0.15
2025-02-23 19:11:33.316455,BTCUSD,SELL,price:96117.3,sl:96138.3317857143,tp:96034.65642857143,lot_size:0.15
2025-02-23 19:14:57.190955,BTCUSD,SELL,price:96062.8,sl:96088.445,tp:95970.91,lot_size:0.12
2025-02-23 19:15:02.654321,BTCUSD,SELL,price:96064.76,sl:96090.86464285714,tp:95971.9507142857,lot_size:0.12
2025-02-23 19:15:08.075954,BTCUSD,SELL,price:96061.43,sl:96087.6857142857,tp:95968.31857142856,lot_size:0.12
2025-02-23 19:15:13.518821,BTCUSD,SELL,price:96051.86,sl:96078.7075,tp:95957.58499999999,lot_size:0.11
2025-02-23 19:15:29.858137,BTCUSD,SELL,price:96044.9,sl:96072.73214285713,tp:95948.6557142857,lot_size:0.11
2025-02-23 19:15:35.283047,BTCUSD,SELL,price:96064.78,sl:96092.62678571428,tp:95968.48642857143,lot_size:0.11
2025-02-23 19:15:40.752290,BTCUSD,SELL,price:96055.39,sl:96083.25928571429,tp:95959.05142857142,lot_size:0.11
2025-02-23 19:15:46.189404,BTCUSD,SELL,price:96044.32,sl:96072.1992857143,tp:95947.98142857142,lot_size:0.11
2025-02-23 19:15:51.650335,BTCUSD,SELL,price:96057.73,sl:96085.59928571428,tp:95961.39142857141,lot_size:0.11
2025-02-23 19:16:59.769090,BTCUSD,SELL,price:96025.88,sl:96055.39285714287,tp:95926.25428571428,lot_size:0.1
2025-02-23 19:17:05.215375,BTCUSD,SELL,price:96026.09,sl:96055.83249999999,tp:95926.025,lot_size:0.1
2025-02-23 19:17:10.642541,BTCUSD,SELL,price:96028.94,sl:96058.86464285715,tp:95928.51071428572,lot_size:0.1
2025-02-23 19:17:16.039585,BTCUSD,SELL,price:96029.14,sl:96059.07714285715,tp:95928.66571428571,lot_size:0.1
2025-02-23 19:17:21.515281,BTCUSD,SELL,price:96027.63,sl:96057.5692857143,tp:95927.15142857142,lot_size:0.1
2025-02-23 19:17:47.867047,BTCUSD,SELL,price:96011.24,sl:96041.88464285716,tp:95909.37071428572,lot_size:0.1
2025-02-23 19:17:58.474278,BTCUSD,SELL,price:95986.78,sl:96019.22035714285,tp:95881.31928571429,lot_size:0.09
2025-02-23 19:18:35.285321,BTCUSD,SELL,price:95991.18,sl:96025.34857142856,tp:95882.26285714285,lot_size:0.09
2025-02-23 19:19:38.232772,BTCUSD,SELL,price:95976.28,sl:96011.1675,tp:95865.92499999999,lot_size:0.08
2025-02-23 19:19:43.664849,BTCUSD,SELL,price:95972.67,sl:96007.745,tp:95861.93999999999,lot_size:0.08
2025-02-23 19:26:00.063573,BTCUSD,SELL,price:95932.66,sl:95971.31892857143,tp:95814.76214285714,lot_size:0.09
2025-02-23 19:26:05.484538,BTCUSD,SELL,price:95938.62,sl:95977.9507142857,tp:95819.37857142856,lot_size:0.09
2025-02-23 19:26:10.926261,BTCUSD,SELL,price:95947.97,sl:95987.30071428572,tp:95828.72857142857,lot_size:0.09
2025-02-23 19:26:16.322372,BTCUSD,SELL,price:95944.39,sl:95983.71071428571,tp:95825.14857142857,lot_size:0.09
2025-02-23 19:26:21.740042,BTCUSD,SELL,price:95957.59,sl:95997.87535714285,tp:95836.43928571428,lot_size:0.09
2025-02-23 19:26:27.172377,BTCUSD,SELL,price:95951.51,sl:95992.58392857142,tp:95828.78214285713,lot_size:0.09
2025-02-23 19:26:32.590382,BTCUSD,SELL,price:95951.81,sl:95992.87392857143,tp:95829.08214285714,lot_size:0.09
2025-02-23 19:26:38.034620,BTCUSD,SELL,price:95952.52,sl:95993.58392857143,tp:95829.79214285714,lot_size:0.09
2025-02-23 19:26:43.444482,BTCUSD,SELL,price:95917.84,sl:95960.2307142857,tp:95792.47857142857,lot_size:0.08
2025-02-23 19:26:48.880833,BTCUSD,SELL,price:95918.56,sl:95963.58071428571,tp:95787.91857142857,lot_size:0.09
2025-02-23 19:26:54.285997,BTCUSD,SELL,price:95909.63,sl:95954.65071428573,tp:95778.98857142858,lot_size:0.09
2025-02-23 19:51:59.334713,BTCUSD,SELL,price:95738.31,sl:95789.97928571427,tp:95594.39142857143,lot_size:0.09
2025-02-23 19:52:04.756047,BTCUSD,SELL,price:95748.1,sl:95800.8192857143,tp:95602.08142857144,lot_size:0.09
2025-02-23 19:52:20.641316,BTCUSD,SELL,price:95742.63,sl:95797.37214285716,tp:95592.56571428572,lot_size:0.08
2025-02-23 20:04:58.424647,BTCUSD,BUY,price:95964.89,sl:95912.35607142857,tp:96110.53785714286,lot_size:0.08
2025-02-23 20:05:03.845359,BTCUSD,BUY,price:95969.51,sl:95915.37892857142,tp:96118.37214285713,lot_size:0.08
2025-02-23 20:05:09.267653,BTCUSD,BUY,price:95938.19,sl:95882.87464285715,tp:96089.40071428572,lot_size:0.08
2025-02-23 20:05:14.721476,BTCUSD,BUY,price:95940.04,sl:95884.72464285714,tp:96091.2507142857,lot_size:0.08
2025-02-23 20:05:20.243629,BTCUSD,BUY,price:95953.15,sl:95897.84464285712,tp:96104.3607142857,lot_size:0.08
2025-02-23 20:05:25.697868,BTCUSD,BUY,price:95955.73,sl:95900.385,tp:96107.01999999999,lot_size:0.08
2025-02-23 20:05:31.111956,BTCUSD,BUY,price:95941.06,sl:95885.69321428571,tp:96092.37357142857,lot_size:0.08
2025-02-23 20:05:36.549337,BTCUSD,BUY,price:95953.57,sl:95898.20321428574,tp:96104.88357142858,lot_size:0.08
2025-02-23 20:05:41.995882,BTCUSD,BUY,price:95950.31,sl:95894.94321428571,tp:96101.62357142857,lot_size:0.08
2025-02-23 20:05:47.427115,BTCUSD,BUY,price:95967.42,sl:95911.68714285715,tp:96119.4857142857,lot_size:0.08
2025-02-23 20:05:52.843023,BTCUSD,BUY,price:95979.89,sl:95923.33750000001,tp:96133.595,lot_size:0.08
2025-02-23 20:05:58.270894,BTCUSD,BUY,price:95993.63,sl:95939.65857142858,tp:96142.17285714285,lot_size:0.08
2025-02-23 20:06:03.677778,BTCUSD,BUY,price:96011.86,sl:95956.72285714286,tp:96162.73428571428,lot_size:0.08
2025-02-23 20:06:09.121714,BTCUSD,BUY,price:96015.09,sl:95959.90964285714,tp:96166.0307142857,lot_size:0.08
2025-02-23 20:06:14.544267,BTCUSD,BUY,price:96015.0,sl:95956.9975,tp:96171.58499999999,lot_size:0.08
2025-02-23 20:06:19.978925,BTCUSD,BUY,price:95998.88,sl:95940.87750000002,tp:96155.465,lot_size:0.08
2025-02-23 20:06:25.416246,BTCUSD,BUY,price:96000.24,sl:95942.23750000002,tp:96156.825,lot_size:0.08
2025-02-23 20:06:30.851170,BTCUSD,BUY,price:96010.2,sl:95952.2075,tp:96166.78499999999,lot_size:0.08
2025-02-23 20:06:36.285508,BTCUSD,BUY,price:96010.34,sl:95952.3475,tp:96166.92499999999,lot_size:0.08
2025-02-23 20:06:46.948875,BTCUSD,BUY,price:95980.06,sl:95918.50357142856,tp:96143.75285714286,lot_size:0.07
2025-02-23 20:06:52.380971,BTCUSD,BUY,price:95989.95,sl:95928.40357142857,tp:96153.64285714286,lot_size:0.07
2025-02-23 20:25:56.965383,BTCUSD,SELL,price:95798.14,sl:95858.28964285714,tp:95637.26071428572,lot_size:0.06
2025-02-23 20:26:02.394232,BTCUSD,SELL,price:95803.99,sl:95864.90535714287,tp:95641.55928571429,lot_size:0.06
2025-02-23 20:26:07.809683,BTCUSD,SELL,price:95804.46,sl:95865.38535714286,tp:95642.02928571429,lot_size:0.06
2025-02-23 20:26:13.240878,BTCUSD,SELL,price:95804.07,sl:95865.02821428573,tp:95641.55357142858,lot_size:0.06
2025-02-23 20:26:18.652474,BTCUSD,SELL,price:95804.72,sl:95865.69142857143,tp:95642.19714285714,lot_size:0.06
2025-02-23 20:26:24.066674,BTCUSD,SELL,price:95803.61,sl:95864.57142857142,tp:95641.08714285714,lot_size:0.06
2025-02-23 20:26:29.488753,BTCUSD,SELL,price:95804.11,sl:95865.47035714287,tp:95640.80928571429,lot_size:0.06
2025-02-23 20:26:34.943648,BTCUSD,SELL,price:95804.98,sl:95866.34035714285,tp:95641.67928571429,lot_size:0.06
2025-02-23 20:26:40.390895,BTCUSD,SELL,price:95812.65,sl:95876.1907142857,tp:95644.98857142856,lot_size:0.06
2025-02-23 20:26:45.820576,BTCUSD,SELL,price:95814.14,sl:95877.68071428571,tp:95646.47857142857,lot_size:0.06
2025-02-23 20:26:51.258692,BTCUSD,SELL,price:95802.11,sl:95865.65071428572,tp:95634.44857142857,lot_size:0.06
2025-02-23 20:46:58.465537,BTCUSD,BUY,price:95979.17,sl:95935.0007142857,tp:96108.08857142857,lot_size:0.07
2025-02-23 20:47:09.110355,BTCUSD,BUY,price:95984.42,sl:95939.4625,tp:96114.935,lot_size:0.07
2025-02-23 20:47:14.548384,BTCUSD,BUY,price:95981.41,sl:95936.4525,tp:96111.925,lot_size:0.07
2025-02-23 20:47:20.006206,BTCUSD,BUY,price:95982.03,sl:95937.0725,tp:96112.545,lot_size:0.07
2025-02-23 20:47:25.433066,BTCUSD,BUY,price:95998.27,sl:95952.22357142858,tp:96130.94285714286,lot_size:0.07
2025-02-23 20:47:30.882361,BTCUSD,BUY,price:95990.34,sl:95943.01035714286,tp:96125.59928571428,lot_size:0.07
2025-02-23 20:47:41.519517,BTCUSD,BUY,price:95987.71,sl:95940.37035714288,tp:96122.9692857143,lot_size:0.07
2025-02-23 20:47:46.938617,BTCUSD,BUY,price:95999.65,sl:95952.32035714285,tp:96134.90928571428,lot_size:0.07
2025-02-23 20:48:02.802124,BTCUSD,BUY,price:95988.36,sl:95946.155,tp:96113.37,lot_size:0.07
2025-02-23 20:48:08.238223,BTCUSD,BUY,price:95998.15,sl:95955.94499999998,tp:96123.15999999999,lot_size:0.07
2025-02-23 20:48:13.642855,BTCUSD,BUY,price:95993.21,sl:95951.005,tp:96118.22,lot_size:0.07
2025-02-23 20:51:58.454592,BTCUSD,BUY,price:96014.7,sl:95977.28821428571,tp:96130.10357142857,lot_size:0.08
2025-02-23 21:06:00.881613,BTCUSD,BUY,price:96089.25,sl:96055.27107142856,tp:96197.78785714286,lot_size:0.08
2025-02-23 21:06:06.302375,BTCUSD,BUY,price:96090.74,sl:96056.58642857145,tp:96199.62714285715,lot_size:0.08
2025-02-23 21:06:32.614292,BTCUSD,BUY,price:96070.63,sl:96032.25642857143,tp:96187.97714285714,lot_size:0.07
2025-02-23 21:06:38.048741,BTCUSD,BUY,price:96070.81,sl:96032.42642857142,tp:96188.15714285713,lot_size:0.07
2025-02-23 21:06:43.451968,BTCUSD,BUY,price:96088.78,sl:96050.39642857142,tp:96206.12714285713,lot_size:0.07
2025-02-23 21:06:48.857648,BTCUSD,BUY,price:96077.06,sl:96038.68642857143,tp:96194.40714285713,lot_size:0.07
2025-02-23 21:06:54.274611,BTCUSD,BUY,price:96067.37,sl:96028.98642857141,tp:96184.71714285713,lot_size:0.07
2025-02-23 21:25:57.480133,BTCUSD,SELL,price:95987.3,sl:96015.56892857143,tp:95890.16214285714,lot_size:0.09
2025-02-23 21:26:02.901344,BTCUSD,SELL,price:95983.03,sl:96012.0275,tp:95884.435,lot_size:0.09
2025-02-23 21:26:08.313554,BTCUSD,SELL,price:95980.46,sl:96009.85392857145,tp:95881.07214285714,lot_size:0.09
2025-02-23 21:26:13.759067,BTCUSD,SELL,price:95983.01,sl:96012.715,tp:95883.01999999999,lot_size:0.09
2025-02-23 21:26:50.472801,BTCUSD,SELL,price:95987.66,sl:96018.79178571429,tp:95884.79642857143,lot_size:0.08
2025-02-23 21:32:09.397425,BTCUSD,SELL,price:95966.58,sl:96001.22000000002,tp:95856.72,lot_size:0.07
2025-02-23 21:32:14.816932,BTCUSD,SELL,price:95955.71,sl:95991.61107142859,tp:95843.32785714287,lot_size:0.07
2025-02-23 21:32:20.256111,BTCUSD,SELL,price:95964.09,sl:96001.45,tp:95848.76999999999,lot_size:0.07
2025-02-23 21:32:25.683417,BTCUSD,SELL,price:95976.22,sl:96013.58,tp:95860.9,lot_size:0.07
2025-02-23 21:32:31.093828,BTCUSD,SELL,price:95972.05,sl:96009.41,tp:95856.73,lot_size:0.07
2025-02-23 21:32:36.522902,BTCUSD,SELL,price:95965.41,sl:96002.78000000001,tp:95850.09,lot_size:0.07
2025-02-23 21:32:41.938008,BTCUSD,SELL,price:95959.82,sl:95997.19000000002,tp:95844.5,lot_size:0.07
2025-02-23 21:32:47.359816,BTCUSD,SELL,price:95971.3,sl:96008.67000000001,tp:95855.98,lot_size:0.07
2025-02-23 21:32:52.762476,BTCUSD,SELL,price:95961.15,sl:95998.51999999999,tp:95845.82999999999,lot_size:0.07
2025-02-23 21:36:58.600722,BTCUSD,SELL,price:95877.33,sl:95922.05071428571,tp:95747.28857142858,lot_size:0.05
2025-02-23 21:37:04.016120,BTCUSD,SELL,price:95868.71,sl:95917.6492857143,tp:95730.25142857144,lot_size:0.04
2025-02-23 21:37:09.409233,BTCUSD,SELL,price:95856.97,sl:95905.9092857143,tp:95718.51142857144,lot_size:0.04
2025-02-23 21:37:14.853696,BTCUSD,SELL,price:95869.66,sl:95918.58928571429,tp:95731.20142857144,lot_size:0.04
2025-02-23 21:37:20.246815,BTCUSD,SELL,price:95883.41,sl:95932.3492857143,tp:95744.95142857144,lot_size:0.04
2025-02-23 21:37:25.694726,BTCUSD,SELL,price:95882.21,sl:95931.1492857143,tp:95743.75142857144,lot_size:0.04
2025-02-23 21:37:31.094376,BTCUSD,SELL,price:95879.81,sl:95928.74928571428,tp:95741.35142857143,lot_size:0.04
2025-02-23 21:37:36.515735,BTCUSD,SELL,price:95880.57,sl:95929.5092857143,tp:95742.11142857144,lot_size:0.04
2025-02-23 21:37:41.933173,BTCUSD,SELL,price:95884.53,sl:95933.53749999999,tp:95745.91500000001,lot_size:0.04
2025-02-23 21:37:47.336619,BTCUSD,SELL,price:95865.03,sl:95914.03857142857,tp:95726.41285714286,lot_size:0.04
2025-02-23 21:37:52.800025,BTCUSD,SELL,price:95861.29,sl:95910.30857142856,tp:95722.67285714285,lot_size:0.04
2025-02-23 21:39:06.079190,BTCUSD,SELL,price:95840.04,sl:95887.00107142856,tp:95705.51785714286,lot_size:0.05
2025-02-23 21:53:59.736009,BTCUSD,SELL,price:95774.37,sl:95811.03714285712,tp:95660.45571428571,lot_size:0.05
2025-02-23 21:54:05.164517,BTCUSD,SELL,price:95753.23,sl:95793.23249999998,tp:95632.64499999999,lot_size:0.05
2025-02-23 21:54:10.598591,BTCUSD,SELL,price:95751.44,sl:95791.4325,tp:95630.855,lot_size:0.05
2025-02-23 21:54:16.066900,BTCUSD,SELL,price:95752.28,sl:95792.28249999999,tp:95631.69499999999,lot_size:0.05
2025-02-23 21:54:21.497532,BTCUSD,SELL,price:95744.4,sl:95784.39249999999,tp:95623.81499999999,lot_size:0.05
2025-02-23 21:54:26.936698,BTCUSD,SELL,price:95744.87,sl:95785.71214285714,tp:95622.58571428571,lot_size:0.05
2025-02-23 21:54:32.381830,BTCUSD,SELL,price:95735.73,sl:95776.57214285714,tp:95613.44571428571,lot_size:0.05
2025-02-23 21:54:37.850375,BTCUSD,SELL,price:95753.0,sl:95793.84214285715,tp:95630.71571428572,lot_size:0.05
2025-02-23 21:54:43.283866,BTCUSD,SELL,price:95748.12,sl:95788.97214285714,tp:95625.83571428571,lot_size:0.05
2025-02-23 21:54:48.735767,BTCUSD,SELL,price:95756.05,sl:95796.89214285715,tp:95633.76571428572,lot_size:0.05
2025-02-23 21:54:54.168483,BTCUSD,SELL,price:95750.75,sl:95791.60214285715,tp:95628.46571428572,lot_size:0.05
2025-02-23 21:55:57.041845,BTCUSD,SELL,price:95666.91,sl:95713.85321428573,tp:95532.44357142858,lot_size:0.04
2025-02-23 21:56:02.452277,BTCUSD,SELL,price:95683.13,sl:95732.20285714287,tp:95544.38428571429,lot_size:0.04
2025-02-23 21:56:07.898845,BTCUSD,SELL,price:95676.66,sl:95725.73285714285,tp:95537.91428571429,lot_size:0.04
2025-02-23 21:56:13.321716,BTCUSD,SELL,price:95712.51,sl:95764.74357142857,tp:95567.44285714286,lot_size:0.03
2025-02-23 21:56:18.731404,BTCUSD,SELL,price:95707.78,sl:95760.02464285714,tp:95562.71071428571,lot_size:0.03
2025-02-23 21:56:24.159769,BTCUSD,SELL,price:95728.61,sl:95782.57857142857,tp:95580.09285714285,lot_size:0.03
2025-02-23 21:56:40.006002,BTCUSD,SELL,price:95715.15,sl:95771.81392857141,tp:95561.22214285714,lot_size:0.03
2025-02-23 21:56:45.446139,BTCUSD,SELL,price:95727.88,sl:95784.55392857143,tp:95573.95214285715,lot_size:0.03
2025-02-23 21:56:50.848291,BTCUSD,SELL,price:95718.82,sl:95775.49392857144,tp:95564.89214285715,lot_size:0.03
2025-02-23 21:56:56.266710,BTCUSD,SELL,price:95719.17,sl:95775.83392857142,tp:95565.24214285714,lot_size:0.03
2025-02-23 21:58:56.659360,BTCUSD,SELL,price:95606.04,sl:95670.42571428571,tp:95436.66857142857,lot_size:0.03
2025-02-23 21:59:02.096172,BTCUSD,SELL,price:95638.04,sl:95706.83178571427,tp:95459.87642857143,lot_size:0.02
2025-02-23 21:59:07.539419,BTCUSD,SELL,price:95648.64,sl:95718.79321428572,tp:95467.73357142857,lot_size:0.02
2025-02-23 21:59:12.976977,BTCUSD,SELL,price:95652.33,sl:95723.1317857143,tp:95470.14642857143,lot_size:0.02
2025-02-23 21:59:18.408035,BTCUSD,SELL,price:95633.68,sl:95704.48178571428,tp:95451.49642857142,lot_size:0.02
2025-02-23 21:59:23.821400,BTCUSD,SELL,price:95644.39,sl:95715.1917857143,tp:95462.20642857143,lot_size:0.02
2025-02-23 21:59:29.261625,BTCUSD,SELL,price:95649.34,sl:95720.13178571429,tp:95467.15642857143,lot_size:0.02
2025-02-23 21:59:34.704445,BTCUSD,SELL,price:95644.62,sl:95715.41178571428,tp:95462.43642857143,lot_size:0.02
2025-02-23 21:59:40.123887,BTCUSD,SELL,price:95652.76,sl:95723.97499999999,tp:95469.73,lot_size:0.02
2025-02-23 21:59:45.574224,BTCUSD,SELL,price:95652.41,sl:95723.7367857143,tp:95469.17642857143,lot_size:0.02
2025-02-23 21:59:50.986447,BTCUSD,SELL,price:95631.8,sl:95703.11678571429,tp:95448.56642857143,lot_size:0.02
2025-02-23 21:59:56.391205,BTCUSD,SELL,price:95639.7,sl:95711.02678571428,tp:95456.46642857142,lot_size:0.02
2025-02-23 22:35:59.771502,BTCUSD,SELL,price:95631.01,sl:95664.9007142857,tp:95522.62857142856,lot_size:0.04
2025-02-23 22:36:05.221677,BTCUSD,SELL,price:95626.1,sl:95660.30821428573,tp:95517.10357142857,lot_size:0.04
2025-02-23 22:36:10.625357,BTCUSD,SELL,price:95614.55,sl:95650.51714285715,tp:95502.01571428572,lot_size:0.04
2025-02-23 22:36:16.022551,BTCUSD,SELL,price:95623.58,sl:95659.55714285716,tp:95511.04571428572,lot_size:0.04
2025-02-23 22:36:26.639662,BTCUSD,SELL,price:95632.4,sl:95669.09178571428,tp:95518.43642857143,lot_size:0.04
2025-02-23 22:46:01.695196,BTCUSD,SELL,price:95565.05,sl:95612.77321428573,tp:95429.02357142858,lot_size:0.03
2025-02-23 22:46:07.141019,BTCUSD,SELL,price:95567.58,sl:95615.29321428572,tp:95431.55357142858,lot_size:0.03
2025-02-23 22:46:12.538921,BTCUSD,SELL,price:95569.34,sl:95617.05321428571,tp:95433.31357142857,lot_size:0.03
2025-02-23 22:46:17.948556,BTCUSD,SELL,price:95566.03,sl:95613.93607142856,tp:95429.61785714286,lot_size:0.03
2025-02-23 22:46:23.340090,BTCUSD,SELL,price:95567.22,sl:95615.34178571429,tp:95430.39642857143,lot_size:0.03
2025-02-23 22:46:28.768133,BTCUSD,SELL,price:95565.86,sl:95613.98178571429,tp:95429.03642857143,lot_size:0.03
2025-02-23 22:46:34.252107,BTCUSD,SELL,price:95559.08,sl:95608.38642857142,tp:95419.86714285715,lot_size:0.03
2025-02-23 22:46:39.659441,BTCUSD,SELL,price:95555.34,sl:95604.65642857141,tp:95416.12714285715,lot_size:0.03
2025-02-23 22:46:45.104812,BTCUSD,SELL,price:95553.96,sl:95603.26642857144,tp:95414.74714285716,lot_size:0.03
2025-02-23 22:46:50.519858,BTCUSD,SELL,price:95548.82,sl:95598.12642857144,tp:95409.60714285716,lot_size:0.03
2025-02-23 22:46:55.969261,BTCUSD,SELL,price:95550.06,sl:95599.50357142856,tp:95410.57285714286,lot_size:0.03
2025-02-23 22:47:01.387905,BTCUSD,SELL,price:95536.59,sl:95583.87178571428,tp:95401.44642857143,lot_size:0.03
2025-02-23 22:47:06.812980,BTCUSD,SELL,price:95541.58,sl:95588.85178571429,tp:95406.43642857144,lot_size:0.03
2025-02-23 22:47:12.263637,BTCUSD,SELL,price:95545.57,sl:95592.8742857143,tp:95410.38142857145,lot_size:0.03
2025-02-23 22:47:17.689818,BTCUSD,SELL,price:95546.05,sl:95593.34428571428,tp:95410.86142857144,lot_size:0.03
2025-02-23 22:47:23.131208,BTCUSD,SELL,price:95542.41,sl:95589.71428571429,tp:95407.22142857144,lot_size:0.03
2025-02-23 22:47:28.579398,BTCUSD,SELL,price:95538.37,sl:95585.72642857142,tp:95403.05714285714,lot_size:0.03
2025-02-23 22:47:55.461550,BTCUSD,SELL,price:95534.17,sl:95583.61464285714,tp:95394.68071428571,lot_size:0.03
2025-02-23 22:48:00.890982,BTCUSD,SELL,price:95469.75,sl:95526.98821428571,tp:95314.67357142858,lot_size:0.02
2025-02-23 22:48:11.564391,BTCUSD,SELL,price:95518.22,sl:95575.45821428571,tp:95363.14357142858,lot_size:0.02
2025-02-23 22:48:53.571405,BTCUSD,SELL,price:95523.73,sl:95586.8707142857,tp:95356.84857142856,lot_size:0.02
2025-02-23 23:10:01.587475,BTCUSD,BUY,price:95636.0,sl:95597.21464285714,tp:95754.15071428572,lot_size:0.03
2025-02-23 23:12:01.943049,BTCUSD,BUY,price:95650.32,sl:95615.22821428573,tp:95761.10357142858,lot_size:0.03
2025-02-23 23:12:07.349831,BTCUSD,BUY,price:95650.2,sl:95615.10607142857,tp:95760.98785714286,lot_size:0.03
2025-02-23 23:12:12.784989,BTCUSD,BUY,price:95653.39,sl:95617.79,tp:95765.17,lot_size:0.03
2025-02-23 23:12:18.227187,BTCUSD,BUY,price:95662.54,sl:95626.92178571428,tp:95774.35642857142,lot_size:0.03
2025-02-23 23:12:23.675643,BTCUSD,BUY,price:95650.26,sl:95614.22928571427,tp:95762.90142857142,lot_size:0.03
2025-02-23 23:12:29.079994,BTCUSD,BUY,price:95657.55,sl:95621.52928571429,tp:95770.19142857143,lot_size:0.03
2025-02-23 23:12:34.509301,BTCUSD,BUY,price:95652.77,sl:95616.7492857143,tp:95765.41142857143,lot_size:0.03
2025-02-23 23:12:39.936750,BTCUSD,BUY,price:95652.5,sl:95616.46928571428,tp:95765.14142857143,lot_size:0.03
2025-02-23 23:12:45.354921,BTCUSD,BUY,price:95652.13,sl:95616.0992857143,tp:95764.77142857143,lot_size:0.03
2025-02-23 23:12:50.765929,BTCUSD,BUY,price:95653.69,sl:95617.66928571429,tp:95766.33142857143,lot_size:0.03
2025-02-23 23:12:56.214629,BTCUSD,BUY,price:95657.36,sl:95621.32928571428,tp:95770.00142857143,lot_size:0.03
2025-02-23 23:59:00.407802,BTCUSD,SELL,price:95493.53,sl:95526.4382142857,tp:95387.11357142858,lot_size:0.03
2025-02-23 23:59:05.833146,BTCUSD,SELL,price:95498.39,sl:95531.56000000001,tp:95391.47,lot_size:0.03
2025-02-23 23:59:11.295676,BTCUSD,SELL,price:95479.88,sl:95514.15357142859,tp:95370.75285714286,lot_size:0.03
2025-02-23 23:59:16.692120,BTCUSD,SELL,price:95467.9,sl:95504.37821428571,tp:95354.34357142857,lot_size:0.02
2025-02-23 23:59:22.104704,BTCUSD,SELL,price:95469.92,sl:95506.40821428571,tp:95356.36357142858,lot_size:0.02
2025-02-23 23:59:27.525773,BTCUSD,SELL,price:95470.16,sl:95506.63821428572,tp:95356.60357142858,lot_size:0.02
2025-02-23 23:59:32.949199,BTCUSD,SELL,price:95469.42,sl:95505.90821428571,tp:95355.86357142858,lot_size:0.02
2025-02-23 23:59:38.396978,BTCUSD,SELL,price:95458.51,sl:95496.55607142855,tp:95341.83785714285,lot_size:0.02
2025-02-23 23:59:43.834616,BTCUSD,SELL,price:95455.41,sl:95493.44607142857,tp:95338.73785714286,lot_size:0.02
2025-02-23 23:59:49.253767,BTCUSD,SELL,price:95458.89,sl:95496.92607142856,tp:95342.21785714285,lot_size:0.02
2025-02-23 23:59:54.691460,BTCUSD,SELL,price:95458.66,sl:95496.69607142857,tp:95341.98785714286,lot_size:0.02
2025-02-24 00:00:00.128459,BTCUSD,SELL,price:95461.04,sl:95495.73214285713,tp:95351.05571428571,lot_size:0.03
2025-02-24 00:00:05.532630,BTCUSD,SELL,price:95460.41,sl:95495.11214285715,tp:95350.42571428572,lot_size:0.03
2025-02-24 00:00:10.973867,BTCUSD,SELL,price:95461.4,sl:95496.10214285713,tp:95351.41571428571,lot_size:0.03
2025-02-24 00:10:59.281953,BTCUSD,SELL,price:95423.8,sl:95455.86607142858,tp:95319.06785714286,lot_size:0.02
2025-02-24 00:11:04.718747,BTCUSD,SELL,price:95421.6,sl:95453.67607142859,tp:95316.86785714285,lot_size:0.02
2025-02-24 00:11:10.154069,BTCUSD,SELL,price:95423.81,sl:95455.87607142857,tp:95319.07785714284,lot_size:0.02
2025-02-24 00:11:15.567516,BTCUSD,SELL,price:95426.41,sl:95458.48607142859,tp:95321.67785714284,lot_size:0.02
2025-02-24 00:11:21.002275,BTCUSD,SELL,price:95421.8,sl:95453.86607142858,tp:95317.06785714286,lot_size:0.02
2025-02-24 00:11:26.454127,BTCUSD,SELL,price:95425.61,sl:95457.68607142859,tp:95320.87785714286,lot_size:0.02
2025-02-24 00:11:31.873657,BTCUSD,SELL,price:95426.69,sl:95458.75607142858,tp:95321.95785714284,lot_size:0.02
2025-02-24 00:11:37.304023,BTCUSD,SELL,price:95426.25,sl:95458.32607142859,tp:95321.51785714284,lot_size:0.02
2025-02-24 00:11:42.725002,BTCUSD,SELL,price:95425.3,sl:95457.37607142859,tp:95320.56785714286,lot_size:0.02
2025-02-24 00:11:48.143619,BTCUSD,SELL,price:95425.7,sl:95457.76607142857,tp:95320.96785714285,lot_size:0.02
2025-02-24 00:11:53.560723,BTCUSD,SELL,price:95438.65,sl:95471.57107142857,tp:95332.20785714284,lot_size:0.02
2025-02-24 00:13:59.288059,BTCUSD,SELL,price:95360.06,sl:95386.76178571428,tp:95266.07642857142,lot_size:0.03
2025-02-24 00:14:04.714309,BTCUSD,SELL,price:95374.96,sl:95402.39357142859,tp:95279.51285714286,lot_size:0.03
2025-02-24 00:14:10.117427,BTCUSD,SELL,price:95369.49,sl:95396.9135714286,tp:95274.04285714286,lot_size:0.03
2025-02-24 00:14:15.556530,BTCUSD,SELL,price:95375.43,sl:95402.86357142856,tp:95279.98285714284,lot_size:0.03
2025-02-24 00:14:21.015633,BTCUSD,SELL,price:95374.44,sl:95401.87357142859,tp:95278.99285714285,lot_size:0.03
2025-02-24 00:14:26.445736,BTCUSD,SELL,price:95375.03,sl:95402.45357142857,tp:95279.58285714284,lot_size:0.03
2025-02-24 00:14:31.845788,BTCUSD,SELL,price:95365.97,sl:95393.40357142859,tp:95270.52285714285,lot_size:0.03
2025-02-24 00:14:37.245027,BTCUSD,SELL,price:95341.04,sl:95371.74892857141,tp:95239.04214285713,lot_size:0.03
2025-02-24 00:14:42.686870,BTCUSD,SELL,price:95357.54,sl:95388.24892857141,tp:95255.54214285713,lot_size:0.03
2025-02-24 00:14:48.104437,BTCUSD,SELL,price:95364.37,sl:95395.07892857141,tp:95262.37214285713,lot_size:0.03
2025-02-24 00:14:53.525573,BTCUSD,SELL,price:95358.73,sl:95389.42892857142,tp:95256.73214285713,lot_size:0.03
2025-02-24 00:25:57.484500,BTCUSD,SELL,price:95288.36,sl:95335.70785714286,tp:95153.0642857143,lot_size:0.01
2025-02-24 00:26:02.948858,BTCUSD,SELL,price:95287.79,sl:95335.44857142855,tp:95151.87285714285,lot_size:0.01
2025-02-24 00:26:08.398078,BTCUSD,SELL,price:95285.81,sl:95333.47857142855,tp:95149.89285714286,lot_size:0.01
2025-02-24 00:26:13.835559,BTCUSD,SELL,price:95291.8,sl:95341.38964285715,tp:95152.04071428571,lot_size:0.01
2025-02-24 00:26:19.262812,BTCUSD,SELL,price:95289.97,sl:95339.8325,tp:95149.645,lot_size:0.01
2025-02-24 00:26:24.656163,BTCUSD,SELL,price:95301.16,sl:95351.78785714287,tp:95159.32428571429,lot_size:0.01
2025-02-24 00:26:30.105519,BTCUSD,SELL,price:95286.64,sl:95337.26785714286,tp:95144.80428571429,lot_size:0.01
2025-02-24 00:26:35.560268,BTCUSD,SELL,price:95294.36,sl:95344.98785714286,tp:95152.52428571429,lot_size:0.01
2025-02-24 00:26:41.001873,BTCUSD,SELL,price:95294.16,sl:95344.78785714287,tp:95152.32428571429,lot_size:0.01
2025-02-24 00:26:46.405880,BTCUSD,SELL,price:95294.55,sl:95345.16785714285,tp:95152.71428571429,lot_size:0.01
2025-02-24 00:26:51.820814,BTCUSD,SELL,price:95288.18,sl:95338.80785714285,tp:95146.34428571428,lot_size:0.01
2025-02-24 00:38:59.999553,BTCUSD,BUY,price:95464.79,sl:95412.87249999998,tp:95609.22499999999,lot_size:0.01
2025-02-24 00:39:05.419179,BTCUSD,BUY,price:95483.23,sl:95426.69142857143,tp:95636.90714285713,lot_size:0.01
2025-02-24 00:39:10.872021,BTCUSD,BUY,price:95479.89,sl:95423.35142857143,tp:95633.56714285714,lot_size:0.01
2025-02-24 00:39:16.318724,BTCUSD,BUY,price:95521.56,sl:95463.01857142856,tp:95679.22285714284,lot_size:0.01
2025-02-24 00:39:21.726948,BTCUSD,BUY,price:95526.41,sl:95467.87857142858,tp:95684.07285714285,lot_size:0.01
2025-02-24 00:39:27.137104,BTCUSD,BUY,price:95582.18,sl:95518.78214285713,tp:95749.5757142857,lot_size:0.01
2025-02-24 00:39:32.561316,BTCUSD,BUY,price:95582.82,sl:95516.82892857144,tp:95755.38214285714,lot_size:0.01
2025-02-24 00:39:37.994616,BTCUSD,BUY,price:95573.16,sl:95507.17892857143,tp:95745.72214285714,lot_size:0.01
2025-02-24 00:39:43.403821,BTCUSD,BUY,price:95570.4,sl:95504.40892857141,tp:95742.96214285713,lot_size:0.01
2025-02-24 00:39:48.833066,BTCUSD,BUY,price:95568.41,sl:95502.42892857143,tp:95740.97214285714,lot_size:0.01
2025-02-24 00:39:54.263899,BTCUSD,BUY,price:95577.05,sl:95511.06892857143,tp:95749.61214285714,lot_size:0.01
2025-02-24 00:39:59.717496,BTCUSD,BUY,price:95606.16,sl:95540.68857142859,tp:95777.68285714285,lot_size:0.01
2025-02-24 00:40:05.167947,BTCUSD,BUY,price:95587.8,sl:95522.14571428573,tp:95759.70857142856,lot_size:0.01
2025-02-24 00:40:10.605066,BTCUSD,BUY,price:95565.36,sl:95498.56785714287,tp:95739.54428571428,lot_size:0.01
2025-02-24 00:40:16.046010,BTCUSD,BUY,price:95554.83,sl:95486.89785714286,tp:95731.29428571428,lot_size:0.01
2025-02-24 00:40:21.459006,BTCUSD,BUY,price:95528.09,sl:95457.28499999999,tp:95710.27999999998,lot_size:0.01
2025-02-24 00:40:26.903128,BTCUSD,BUY,price:95553.94,sl:95483.145,tp:95736.12999999999,lot_size:0.01
2025-02-24 00:40:32.301053,BTCUSD,BUY,price:95539.48,sl:95468.67499999999,tp:95721.66999999998,lot_size:0.01
2025-02-24 00:40:37.732654,BTCUSD,BUY,price:95538.3,sl:95467.49500000001,tp:95720.48999999999,lot_size:0.01
2025-02-24 00:40:43.154656,BTCUSD,BUY,price:95512.25,sl:95439.74678571428,tp:95697.83642857142,lot_size:0.01
2025-02-24 00:40:48.577290,BTCUSD,BUY,price:95518.07,sl:95444.52142857145,tp:95705.76714285713,lot_size:0.01
2025-02-24 00:40:53.986427,BTCUSD,BUY,price:95506.15,sl:95432.60142857142,tp:95693.84714285712,lot_size:0.01
2025-02-24 00:47:57.350905,BTCUSD,BUY,price:95657.62,sl:95566.38285714285,tp:95880.67428571428,lot_size:0.01
2025-02-24 00:48:02.779117,BTCUSD,BUY,price:95640.38,sl:95547.01714285716,tp:95867.68571428572,lot_size:0.01
2025-02-24 00:48:08.180762,BTCUSD,BUY,price:95643.2,sl:95548.94785714285,tp:95872.28428571428,lot_size:0.01
2025-02-24 00:48:13.606469,BTCUSD,BUY,price:95638.06,sl:95543.80785714285,tp:95867.14428571428,lot_size:0.01
2025-02-24 00:48:19.025002,BTCUSD,BUY,price:95643.32,sl:95549.07785714287,tp:95872.40428571429,lot_size:0.01
2025-02-24 00:48:24.449792,BTCUSD,BUY,price:95637.87,sl:95543.62785714284,tp:95866.95428571428,lot_size:0.01
2025-02-24 00:48:29.921506,BTCUSD,BUY,price:95637.75,sl:95543.50785714286,tp:95866.83428571429,lot_size:0.01
2025-02-24 00:48:35.336516,BTCUSD,BUY,price:95637.88,sl:95543.63785714286,tp:95866.96428571429,lot_size:0.01
2025-02-24 00:48:40.783006,BTCUSD,BUY,price:95637.93,sl:95543.67785714284,tp:95867.01428571428,lot_size:0.01
2025-02-24 00:52:57.150854,BTCUSD,BUY,price:95722.36,sl:95647.49428571427,tp:95912.67142857143,lot_size:0.01
2025-02-24 00:53:02.602289,BTCUSD,BUY,price:95714.33,sl:95638.49392857144,tp:95906.60214285714,lot_size:0.01
2025-02-24 00:53:08.027030,BTCUSD,BUY,price:95727.23,sl:95651.38321428571,tp:95919.52357142857,lot_size:0.01
2025-02-24 00:53:13.457483,BTCUSD,BUY,price:95736.56,sl:95658.95142857142,tp:95932.35714285714,lot_size:0.01
2025-02-24 00:53:18.887636,BTCUSD,BUY,price:95765.05,sl:95683.39357142858,tp:95968.94285714286,lot_size:0.01
2025-02-24 00:53:24.331423,BTCUSD,BUY,price:95736.18,sl:95654.52357142855,tp:95940.07285714285,lot_size:0.01
2025-02-24 00:53:29.756631,BTCUSD,BUY,price:95768.1,sl:95686.44357142858,tp:95971.99285714286,lot_size:0.01
2025-02-24 00:53:35.181956,BTCUSD,BUY,price:95760.69,sl:95679.04357142857,tp:95964.58285714286,lot_size:0.01
2025-02-24 00:53:40.600972,BTCUSD,BUY,price:95757.44,sl:95675.78357142858,tp:95961.33285714286,lot_size:0.01
2025-02-24 00:53:46.020960,BTCUSD,BUY,price:95792.68,sl:95708.3957142857,tp:96001.84857142856,lot_size:0.01
2025-02-24 00:53:51.462644,BTCUSD,BUY,price:95777.87,sl:95693.50642857142,tp:95987.19714285714,lot_size:0.01
2025-02-24 00:53:56.905127,BTCUSD,BUY,price:95755.63,sl:95682.38357142858,tp:95942.72285714286,lot_size:0.01
2025-02-24 00:54:02.313516,BTCUSD,BUY,price:95747.06,sl:95672.44964285714,tp:95936.88071428571,lot_size:0.01
2025-02-24 00:54:07.728769,BTCUSD,BUY,price:95751.68,sl:95677.05964285713,tp:95941.5007142857,lot_size:0.01
2025-02-24 00:54:13.173681,BTCUSD,BUY,price:95751.98,sl:95677.35964285713,tp:95941.80071428571,lot_size:0.01
2025-02-24 00:54:18.595349,BTCUSD,BUY,price:95752.88,sl:95678.25964285716,tp:95942.70071428572,lot_size:0.01
2025-02-24 00:54:24.024298,BTCUSD,BUY,price:95752.47,sl:95677.84964285715,tp:95942.29071428571,lot_size:0.01
2025-02-24 00:54:29.466483,BTCUSD,BUY,price:95731.5,sl:95655.21464285713,tp:95924.65071428572,lot_size:0.01
2025-02-24 00:54:34.893328,BTCUSD,BUY,price:95736.37,sl:95660.08464285712,tp:95929.52071428571,lot_size:0.01
2025-02-24 00:54:40.303531,BTCUSD,BUY,price:95736.08,sl:95659.79464285714,tp:95929.23071428572,lot_size:0.01
2025-02-24 00:54:45.776221,BTCUSD,BUY,price:95736.4,sl:95660.11464285712,tp:95929.55071428571,lot_size:0.01
2025-02-24 00:54:51.184102,BTCUSD,BUY,price:95749.23,sl:95672.94464285712,tp:95942.38071428571,lot_size:0.01
2025-02-24 00:54:56.610564,BTCUSD,BUY,price:95750.09,sl:95673.80464285713,tp:95943.24071428571,lot_size:0.01
2025-02-24 06:05:56.770275,XAUUSD,BUY,price:2938.9,sl:2937.9,tp:2940.9,lot_size:0.1
2025-02-24 06:06:02.121427,XAUUSD,BUY,price:2938.893,sl:2937.893,tp:2940.893,lot_size:0.1
2025-02-24 06:06:07.483828,XAUUSD,BUY,price:2938.767,sl:2937.767,tp:2940.767,lot_size:0.1
2025-02-24 06:06:12.848845,XAUUSD,BUY,price:2938.737,sl:2937.737,tp:2940.737,lot_size:0.1
2025-02-24 06:06:18.205045,XAUUSD,BUY,price:2938.929,sl:2937.929,tp:2940.929,lot_size:0.1
2025-02-24 06:06:23.561076,XAUUSD,BUY,price:2938.985,sl:2937.985,tp:2940.985,lot_size:0.1
2025-02-24 06:06:28.926240,XAUUSD,BUY,price:2938.909,sl:2937.909,tp:2940.909,lot_size:0.1
2025-02-24 06:06:49.988943,XAUUSD,BUY,price:2939.109,sl:2938.109,tp:2941.109,lot_size:0.1
2025-02-24 06:06:55.332830,XAUUSD,BUY,price:2939.179,sl:2938.179,tp:2941.179,lot_size:0.1
2025-02-24 06:09:58.482723,XAUUSD,BUY,price:2939.706,sl:2938.706,tp:2941.706,lot_size:0.1
2025-02-24 06:30:58.043539,XAUUSD,SELL,price:2937.953,sl:2938.953,tp:2935.953,lot_size:0.1
2025-02-24 06:31:03.396421,XAUUSD,SELL,price:2937.966,sl:2938.966,tp:2935.966,lot_size:0.1
2025-02-24 06:31:08.746797,XAUUSD,SELL,price:2937.914,sl:2938.914,tp:2935.914,lot_size:0.1
2025-02-24 06:31:14.115087,XAUUSD,SELL,price:2937.772,sl:2938.772,tp:2935.772,lot_size:0.1
2025-02-24 06:31:19.460160,XAUUSD,SELL,price:2937.903,sl:2938.903,tp:2935.903,lot_size:0.1
2025-02-24 06:31:24.809779,XAUUSD,SELL,price:2938.29,sl:2939.29,tp:2936.29,lot_size:0.1
2025-02-24 06:37:21.602066,XAUUSD,SELL,price:2937.487,sl:2938.487,tp:2935.487,lot_size:0.1
2025-02-24 06:37:26.969970,XAUUSD,SELL,price:2937.543,sl:2938.543,tp:2935.543,lot_size:0.1
2025-02-24 06:37:32.349243,XAUUSD,SELL,price:2937.593,sl:2938.593,tp:2935.593,lot_size:0.1
2025-02-24 06:37:37.701465,XAUUSD,SELL,price:2937.452,sl:2938.452,tp:2935.452,lot_size:0.1
2025-02-24 06:37:43.049811,XAUUSD,SELL,price:2937.509,sl:2938.509,tp:2935.509,lot_size:0.1
2025-02-24 06:37:53.642061,XAUUSD,SELL,price:2937.602,sl:2938.602,tp:2935.602,lot_size:0.1
2025-02-24 06:59:46.312038,XAUUSD,SELL,price:2936.609,sl:2937.609,tp:2934.609,lot_size:0.1
2025-02-24 07:20:09.705838,XAUUSD,SELL,price:2935.511,sl:2936.511,tp:2933.511,lot_size:0.1
2025-02-24 07:20:15.068736,XAUUSD,SELL,price:2935.515,sl:2936.515,tp:2933.515,lot_size:0.1
2025-02-24 07:20:20.435130,XAUUSD,SELL,price:2935.345,sl:2936.345,tp:2933.345,lot_size:0.1
2025-02-24 07:20:25.846820,XAUUSD,SELL,price:2935.326,sl:2936.326,tp:2933.326,lot_size:0.1
2025-02-24 07:48:57.573851,XAUUSD,SELL,price:2933.369,sl:2934.369,tp:2931.369,lot_size:0.1
2025-02-24 07:49:02.940559,XAUUSD,SELL,price:2933.336,sl:2934.336,tp:2931.336,lot_size:0.1
2025-02-24 07:49:08.303070,XAUUSD,SELL,price:2933.363,sl:2934.363,tp:2931.363,lot_size:0.1
2025-02-24 07:49:13.643221,XAUUSD,SELL,price:2933.284,sl:2934.284,tp:2931.284,lot_size:0.1
2025-02-24 07:49:18.981031,XAUUSD,SELL,price:2933.435,sl:2934.435,tp:2931.435,lot_size:0.1
2025-02-24 07:49:24.335241,XAUUSD,SELL,price:2933.306,sl:2934.306,tp:2931.306,lot_size:0.1
2025-02-24 07:49:29.679242,XAUUSD,SELL,price:2933.199,sl:2934.199,tp:2931.199,lot_size:0.1
2025-02-24 07:49:35.036667,XAUUSD,SELL,price:2933.222,sl:2934.222,tp:2931.222,lot_size:0.1
2025-02-24 07:49:40.371958,XAUUSD,SELL,price:2933.316,sl:2934.316,tp:2931.316,lot_size:0.1
2025-02-24 07:49:45.708844,XAUUSD,SELL,price:2933.348,sl:2934.348,tp:2931.348,lot_size:0.1
2025-02-24 07:49:51.058299,XAUUSD,SELL,price:2933.348,sl:2934.348,tp:2931.348,lot_size:0.1
2025-02-24 07:53:56.634104,XAUUSD,SELL,price:2931.925,sl:2932.925,tp:2929.925,lot_size:0.1
2025-02-24 07:54:01.978418,XAUUSD,SELL,price:2932.09,sl:2933.09,tp:2930.09,lot_size:0.1
2025-02-24 07:54:07.350847,XAUUSD,SELL,price:2932.144,sl:2933.144,tp:2930.144,lot_size:0.1
2025-02-24 07:54:12.684368,XAUUSD,SELL,price:2932.048,sl:2933.048,tp:2930.048,lot_size:0.1
2025-02-24 07:54:18.048504,XAUUSD,SELL,price:2932.113,sl:2933.113,tp:2930.113,lot_size:0.1
2025-02-24 07:54:23.407719,XAUUSD,SELL,price:2932.065,sl:2933.065,tp:2930.065,lot_size:0.1
2025-02-24 07:54:28.765600,XAUUSD,SELL,price:2932.045,sl:2933.045,tp:2930.045,lot_size:0.1
2025-02-24 07:54:34.118841,XAUUSD,SELL,price:2932.022,sl:2933.022,tp:2930.022,lot_size:0.1
2025-02-24 07:54:39.541714,XAUUSD,SELL,price:2931.975,sl:2932.975,tp:2929.975,lot_size:0.1
2025-02-24 07:54:44.894506,XAUUSD,SELL,price:2932.057,sl:2933.057,tp:2930.057,lot_size:0.1
2025-02-24 07:54:50.240361,XAUUSD,SELL,price:2932.049,sl:2933.049,tp:2930.049,lot_size:0.1
2025-02-24 07:54:55.609181,XAUUSD,SELL,price:2932.236,sl:2933.236,tp:2930.236,lot_size:0.1
2025-02-24 07:59:01.132707,XAUUSD,SELL,price:2931.131,sl:2932.131,tp:2929.131,lot_size:0.1
2025-02-24 07:59:06.498780,XAUUSD,SELL,price:2930.719,sl:2931.719,tp:2928.719,lot_size:0.1
2025-02-24 07:59:11.857375,XAUUSD,SELL,price:2930.383,sl:2931.383,tp:2928.383,lot_size:0.1
2025-02-24 07:59:17.230811,XAUUSD,SELL,price:2930.462,sl:2931.462,tp:2928.462,lot_size:0.1
2025-02-24 07:59:22.585055,XAUUSD,SELL,price:2930.071,sl:2931.071,tp:2928.071,lot_size:0.1
2025-02-24 07:59:27.930277,XAUUSD,SELL,price:2929.75,sl:2930.75,tp:2927.75,lot_size:0.1
2025-02-24 07:59:33.273886,XAUUSD,SELL,price:2930.077,sl:2931.077,tp:2928.077,lot_size:0.1
2025-02-24 07:59:38.614168,XAUUSD,SELL,price:2930.116,sl:2931.116,tp:2928.116,lot_size:0.1
2025-02-24 07:59:43.945003,XAUUSD,SELL,price:2930.249,sl:2931.249,tp:2928.249,lot_size:0.1
2025-02-24 07:59:49.278635,XAUUSD,SELL,price:2930.184,sl:2931.184,tp:2928.184,lot_size:0.1
2025-02-24 07:59:54.622966,XAUUSD,SELL,price:2930.254,sl:2931.254,tp:2928.254,lot_size:0.1
2025-02-24 08:00:57.452141,XAUUSD,SELL,price:2926.772,sl:2927.772,tp:2924.772,lot_size:0.1
2025-02-24 08:01:02.824714,XAUUSD,SELL,price:2926.077,sl:2927.077,tp:2924.077,lot_size:0.1
2025-02-24 08:01:08.189269,XAUUSD,SELL,price:2926.74,sl:2927.74,tp:2924.74,lot_size:0.1
2025-02-24 08:01:13.539285,XAUUSD,SELL,price:2926.871,sl:2927.871,tp:2924.871,lot_size:0.1
2025-02-24 08:01:18.884169,XAUUSD,SELL,price:2927.132,sl:2928.132,tp:2925.132,lot_size:0.1
2025-02-24 08:01:24.239552,XAUUSD,SELL,price:2927.649,sl:2928.649,tp:2925.649,lot_size:0.1
2025-02-24 08:01:29.588325,XAUUSD,SELL,price:2927.634,sl:2928.634,tp:2925.634,lot_size:0.1
2025-02-24 08:01:34.954998,XAUUSD,SELL,price:2927.662,sl:2928.662,tp:2925.662,lot_size:0.1
2025-02-24 08:01:40.296867,XAUUSD,SELL,price:2927.76,sl:2928.76,tp:2925.76,lot_size:0.1
2025-02-24 08:01:45.650449,XAUUSD,SELL,price:2927.664,sl:2928.664,tp:2925.664,lot_size:0.1
2025-02-24 08:01:50.996385,XAUUSD,SELL,price:2927.541,sl:2928.541,tp:2925.541,lot_size:0.1
2025-02-24 08:01:56.349484,XAUUSD,SELL,price:2927.18,sl:2928.18,tp:2925.18,lot_size:0.1
2025-02-24 08:11:56.859219,XAUUSD,SELL,price:2924.364,sl:2925.364,tp:2922.364,lot_size:0.1
2025-02-24 08:12:02.201091,XAUUSD,SELL,price:2924.308,sl:2925.308,tp:2922.308,lot_size:0.1
2025-02-24 08:12:07.643069,XAUUSD,SELL,price:2924.797,sl:2925.797,tp:2922.797,lot_size:0.1
2025-02-24 08:12:13.009183,XAUUSD,SELL,price:2924.401,sl:2925.401,tp:2922.401,lot_size:0.1
2025-02-24 08:12:18.359322,XAUUSD,SELL,price:2924.232,sl:2925.232,tp:2922.232,lot_size:0.1
2025-02-24 08:12:23.760855,XAUUSD,SELL,price:2923.828,sl:2924.828,tp:2921.828,lot_size:0.1
2025-02-24 08:12:29.159520,XAUUSD,SELL,price:2923.45,sl:2924.45,tp:2921.45,lot_size:0.1
2025-02-24 08:12:34.523253,XAUUSD,SELL,price:2923.647,sl:2924.647,tp:2921.647,lot_size:0.1
2025-02-24 08:12:39.866462,XAUUSD,SELL,price:2923.901,sl:2924.901,tp:2921.901,lot_size:0.1
2025-02-24 08:12:45.240075,XAUUSD,SELL,price:2923.357,sl:2924.357,tp:2921.357,lot_size:0.1
2025-02-24 08:12:50.605541,XAUUSD,SELL,price:2923.758,sl:2924.758,tp:2921.758,lot_size:0.1
2025-02-24 08:12:55.971781,XAUUSD,SELL,price:2923.811,sl:2924.811,tp:2921.811,lot_size:0.1
2025-02-24 08:21:01.823772,XAUUSD,SELL,price:2923.244,sl:2924.244,tp:2921.244,lot_size:0.1
2025-02-24 08:24:56.757491,XAUUSD,SELL,price:2921.637,sl:2922.637,tp:2919.637,lot_size:0.1
2025-02-24 08:25:02.123296,XAUUSD,SELL,price:2922.034,sl:2923.034,tp:2920.034,lot_size:0.1
2025-02-24 08:25:07.520697,XAUUSD,SELL,price:2921.978,sl:2922.978,tp:2919.978,lot_size:0.1
2025-02-24 08:25:18.082266,XAUUSD,SELL,price:2921.988,sl:2922.988,tp:2919.988,lot_size:0.1
2025-02-24 08:32:57.522450,XAUUSD,BUY,price:2927.738,sl:2926.738,tp:2929.738,lot_size:0.1
2025-02-24 08:33:02.880054,XAUUSD,BUY,price:2927.756,sl:2926.756,tp:2929.756,lot_size:0.1
2025-02-24 08:33:08.237034,XAUUSD,BUY,price:2927.563,sl:2926.563,tp:2929.563,lot_size:0.1
2025-02-24 08:33:13.586894,XAUUSD,BUY,price:2927.158,sl:2926.158,tp:2929.158,lot_size:0.1
2025-02-24 08:33:18.938908,XAUUSD,BUY,price:2927.49,sl:2926.49,tp:2929.49,lot_size:0.1
2025-02-24 08:33:24.294461,XAUUSD,BUY,price:2927.661,sl:2926.661,tp:2929.661,lot_size:0.1
2025-02-24 08:33:29.629295,XAUUSD,BUY,price:2927.463,sl:2926.463,tp:2929.463,lot_size:0.1
2025-02-24 08:33:35.002078,XAUUSD,BUY,price:2927.172,sl:2926.172,tp:2929.172,lot_size:0.1
2025-02-24 08:33:40.385640,XAUUSD,BUY,price:2927.467,sl:2926.467,tp:2929.467,lot_size:0.1
2025-02-24 08:33:45.727330,XAUUSD,BUY,price:2927.629,sl:2926.629,tp:2929.629,lot_size:0.1
2025-02-24 08:33:56.316278,XAUUSD,BUY,price:2927.53,sl:2926.53,tp:2929.53,lot_size:0.1
2025-02-24 08:34:59.073256,XAUUSD,BUY,price:2929.579,sl:2928.579,tp:2931.579,lot_size:0.1
2025-02-24 08:35:04.415290,XAUUSD,BUY,price:2929.888,sl:2928.888,tp:2931.888,lot_size:0.1
2025-02-24 08:35:09.757398,XAUUSD,BUY,price:2929.761,sl:2928.761,tp:2931.761,lot_size:0.1
2025-02-24 08:35:15.113244,XAUUSD,BUY,price:2929.891,sl:2928.891,tp:2931.891,lot_size:0.1
2025-02-24 08:35:20.495629,XAUUSD,BUY,price:2930.399,sl:2929.399,tp:2932.399,lot_size:0.1
2025-02-24 08:35:25.844436,XAUUSD,BUY,price:2930.441,sl:2929.441,tp:2932.441,lot_size:0.1
2025-02-24 08:35:31.215272,XAUUSD,BUY,price:2930.248,sl:2929.248,tp:2932.248,lot_size:0.1
2025-02-24 08:35:36.557803,XAUUSD,BUY,price:2930.319,sl:2929.319,tp:2932.319,lot_size:0.1
2025-02-24 08:35:41.916058,XAUUSD,BUY,price:2930.235,sl:2929.235,tp:2932.235,lot_size:0.1
2025-02-24 08:35:47.292091,XAUUSD,BUY,price:2930.339,sl:2929.339,tp:2932.339,lot_size:0.1
2025-02-24 08:35:52.626669,XAUUSD,BUY,price:2931.178,sl:2930.178,tp:2933.178,lot_size:0.1
2025-02-24 08:35:57.972266,XAUUSD,BUY,price:2930.924,sl:2929.924,tp:2932.924,lot_size:0.1
2025-02-24 08:36:03.314920,XAUUSD,BUY,price:2931.003,sl:2930.003,tp:2933.003,lot_size:0.1
2025-02-24 08:36:08.660112,XAUUSD,BUY,price:2930.736,sl:2929.736,tp:2932.736,lot_size:0.1
2025-02-24 08:36:14.024128,XAUUSD,BUY,price:2930.834,sl:2929.834,tp:2932.834,lot_size:0.1
2025-02-24 08:36:19.388080,XAUUSD,BUY,price:2930.643,sl:2929.643,tp:2932.643,lot_size:0.1
2025-02-24 08:36:24.734146,XAUUSD,BUY,price:2930.558,sl:2929.558,tp:2932.558,lot_size:0.1
2025-02-24 08:36:30.072203,XAUUSD,BUY,price:2930.708,sl:2929.708,tp:2932.708,lot_size:0.1
2025-02-24 08:36:35.412593,XAUUSD,BUY,price:2931.368,sl:2930.368,tp:2933.368,lot_size:0.1
2025-02-24 08:36:40.806051,XAUUSD,BUY,price:2931.172,sl:2930.172,tp:2933.172,lot_size:0.1
2025-02-24 08:36:46.140534,XAUUSD,BUY,price:2930.893,sl:2929.893,tp:2932.893,lot_size:0.1
2025-02-24 08:36:51.493092,XAUUSD,BUY,price:2931.151,sl:2930.151,tp:2933.151,lot_size:0.1
